<?xml version="1.0" encoding="UTF-8" standalone="yes"?>
<ns2:ExportManifest xmlns:ns2="http://www.pentaho.com/schema/">
    <ExportManifestInformation exportDate="11-04-2017 06:03:19 UTC" exportBy="admin" rootFolder="/home/admin/" manifestVersion="2"/>
    <ExportManifestEntity path="Currencies.cda">
        <ExportManifestProperty>
            <EntityMetaData name="Currencies.cda" createdDate="2017-04-11T15:41:08.996Z" isFolder="false" path="Currencies.cda" isHidden="false" locale="ru_RU" title="Currencies.cda"/>
        </ExportManifestProperty>
        <ExportManifestProperty>
            <EntityAcl>
                <entriesInheriting>true</entriesInheriting>
                <owner>admin</owner>
                <ownerType>USER</ownerType>
            </EntityAcl>
        </ExportManifestProperty>
    </ExportManifestEntity>
</ns2:ExportManifest>
