<?xml version="1.0" encoding="UTF-8" standalone="yes"?>
<ns2:ExportManifest xmlns:ns2="http://www.pentaho.com/schema/">
    <ExportManifestInformation exportDate="11-04-2017 06:03:14 UTC" exportBy="admin" rootFolder="/home/admin/" manifestVersion="2"/>
    <ExportManifestEntity path="Currencies.wcdf">
        <ExportManifestProperty>
            <EntityMetaData name="Currencies.wcdf" createdDate="2017-04-11T14:47:06.341Z" isFolder="false" path="Currencies.wcdf" isHidden="false" locale="ru_RU" description="Currencies" title="Currencies"/>
        </ExportManifestProperty>
        <ExportManifestProperty>
            <EntityAcl>
                <entriesInheriting>true</entriesInheriting>
                <owner>admin</owner>
                <ownerType>USER</ownerType>
            </EntityAcl>
        </ExportManifestProperty>
    </ExportManifestEntity>
</ns2:ExportManifest>
