<?xml version="1.0" encoding="UTF-8" standalone="yes"?>
<ns2:ExportManifest xmlns:ns2="http://www.pentaho.com/schema/">
    <ExportManifestInformation exportDate="11-04-2017 06:03:22 UTC" exportBy="admin" rootFolder="/home/admin/" manifestVersion="2"/>
    <ExportManifestEntity path="Currencies.cdfde">
        <ExportManifestProperty>
            <EntityMetaData name="Currencies.cdfde" createdDate="2017-04-11T14:47:06.484Z" isFolder="false" path="Currencies.cdfde" isHidden="false" locale="ru_RU" title="Currencies.cdfde"/>
        </ExportManifestProperty>
        <ExportManifestProperty>
            <EntityAcl>
                <entriesInheriting>true</entriesInheriting>
                <owner>admin</owner>
                <ownerType>USER</ownerType>
            </EntityAcl>
        </ExportManifestProperty>
    </ExportManifestEntity>
</ns2:ExportManifest>
